<keymap version="1" name="macOS copy" parent="Mac OS X 10.5+">
  <action id="CloseAllEditors">
    <keyboard-shortcut first-keystroke="ctrl alt a" />
  </action>
  <action id="CloseAllEditorsButActive">
    <keyboard-shortcut first-keystroke="ctrl meta o" />
  </action>
  <action id="Console.TableResult.SelectRow" />
  <action id="SmartTypeCompletion">
    <keyboard-shortcut first-keystroke="shift space" />
  </action>
  <action id="SplitVertically">
    <keyboard-shortcut first-keystroke="meta back_slash" />
  </action>
</keymap>